{"cameraMode":{"drawMode":0,"name":"Shaded","section":"Shading Mode"},"sceneLighting":true,"audioPlay":false,"sceneViewState":{"showFog":true,"showMaterialUpdate":false,"showSkybox":true,"showFlares":true,"showImageEffects":true,"showParticleSystems":true},"in2DMode":false,"pivot":{"x":0.3467264175415039,"y":0.27081823348999026,"z":-0.501223087310791},"rotation":{"x":-0.07503128051757813,"y":0.9144906401634216,"z":-0.19951972365379334,"w":-0.34390291571617129},"size":10.0,"orthographic":false}